{
	"id": "a7e0ab8f-e896-4ebf-b535-7967ec6a4889",
	"name": "WeatherEnvmt",
	"values": [
		{
			"key": "hostName",
			"value": "api.openweathermap.org",
			"enabled": true
		},
		{
			"key": "cityId",
			"value": "2172797",
			"enabled": true
		},
		{
			"key": "clientrequestID",
			"value": "40d7b454-f671-481b-9bc6-6b907a8653a8",
			"enabled": true
		}
	],
	"_postman_variable_scope": "environment",
	"_postman_exported_at": "2020-06-05T07:03:13.661Z",
	"_postman_exported_using": "Postman/7.25.0"
}