{
	"info": {
		"_postman_id": "a2a9cd95-d7d9-4180-8747-7d2a7463dbde",
		"name": "WeatherAPICollection",
		"description": "API Collection for Open Weather APIs",
		"schema": "https://schema.getpostman.com/json/collection/v2.1.0/collection.json"
	},
	"item": [
		{
			"name": "Get Weather By City Id",
			"event": [
				{
					"listen": "prerequest",
					"script": {
						"id": "10a53a62-f437-42b3-8de3-66219ccf1204",
						"exec": [
							"var uuid= require('uuid');\r",
							"var clientrequestID=uuid.v4();\r",
							"pm.environment.set(\"clientrequestID\", clientrequestID);\r",
							""
						],
						"type": "text/javascript"
					}
				},
				{
					"listen": "test",
					"script": {
						"id": "ec6a8fae-f49c-4287-8f04-8967582bd8c2",
						"exec": [
							"pm.test(\"Status code is 200\", function () {\r",
							"    pm.response.to.have.status(200);\r",
							"});\r",
							"\r",
							"\r",
							"pm.test(\"Verify city name is as expected\", function () {\r",
							"    pm.expect(pm.response.text()).to.include(\"Cairns\");\r",
							"});\r",
							"\r",
							"pm.test(\"Your test name\", function () {\r",
							"    var jsonData = pm.response.json();\r",
							"    pm.expect(jsonData.sys.country).to.eql(\"AU\");\r",
							"});"
						],
						"type": "text/javascript"
					}
				}
			],
			"request": {
				"method": "GET",
				"header": [],
				"url": {
					"raw": "https://{{hostName}}/data/2.5/weather?id={{cityId}}&APPID=5ad76b332e2fa27ea9859353e5fdd69d",
					"protocol": "https",
					"host": [
						"{{hostName}}"
					],
					"path": [
						"data",
						"2.5",
						"weather"
					],
					"query": [
						{
							"key": "id",
							"value": "{{cityId}}"
						},
						{
							"key": "APPID",
							"value": "5ad76b332e2fa27ea9859353e5fdd69d"
						}
					]
				},
				"description": "Get Weather By City Id"
			},
			"response": []
		},
		{
			"name": "Get Weather by City Name",
			"event": [
				{
					"listen": "test",
					"script": {
						"id": "2a881f13-7e06-4578-a336-de30c7dd2599",
						"exec": [
							"\r",
							"\r",
							"pm.test(\"Response time is less than 500ms\", function () {\r",
							"    pm.expect(pm.response.responseTime).to.be.below(500);\r",
							"});\r",
							"\r",
							"pm.test(\"Status code is 200\", function () {\r",
							"    pm.response.to.have.status(200);\r",
							"});\r",
							"\r",
							"\r",
							"\r",
							"pm.test(\"Country name matches the actual country\", function () {\r",
							"    pm.expect(pm.response.text()).to.include(\"UK\");\r",
							"});"
						],
						"type": "text/javascript"
					}
				}
			],
			"request": {
				"method": "GET",
				"header": [],
				"url": {
					"raw": "https://{{hostName}}/data/2.5/weather?q=America&APPID=5ad76b332e2fa27ea9859353e5fdd69d",
					"protocol": "https",
					"host": [
						"{{hostName}}"
					],
					"path": [
						"data",
						"2.5",
						"weather"
					],
					"query": [
						{
							"key": "q",
							"value": "America"
						},
						{
							"key": "APPID",
							"value": "5ad76b332e2fa27ea9859353e5fdd69d"
						}
					]
				},
				"description": "Get Weather by City Name"
			},
			"response": []
		}
	],
	"protocolProfileBehavior": {}
}